seed,horizon_frames,method,quantity,reduction,relative_l2,normalized_bias,rms_ratio,pearson_correlation,weighted_sign_disagreement
baseline,4,persistence,particle,strict_faces,1.3404298243749273,-0.00011815699756233939,0.9899926482607617,0.0923737770797746,0.4578578073604814
baseline,4,persistence,particle,separatrix,0.42038063964800426,-0.006968823367118362,0.9929264749178656,0.14063917720559393,0.0
baseline,4,persistence,electron_internal_energy,strict_faces,1.3287940370504001,-0.0004928554359855919,0.9900997427985774,0.1077300620160059,0.4539976668061877
baseline,4,persistence,electron_internal_energy,separatrix,0.4111274976187623,-0.01740218658281934,0.9819029094178316,0.20453550010359722,0.0
baseline,4,persistence,ion_internal_energy,strict_faces,1.3351865507813903,-0.00026398201667544304,0.9898945943011287,0.09905646342357198,0.45646630923308473
baseline,4,persistence,ion_internal_energy,separatrix,0.4159790663467458,-0.009435594559153373,0.9903299492750564,0.18119406407319472,0.0
baseline,4,persistence,total_internal_energy,strict_faces,1.3320588656863817,-0.0003748890097986053,0.9899872532815567,0.10329777638606241,0.45531742610231074
baseline,4,persistence,total_internal_energy,separatrix,0.4086909498210988,-0.013812681396818053,0.985811434578918,0.1967183767886855,0.0
1701,4,autoregressive_lead1,particle,strict_faces,1.1047970309528445,-0.0010083861781832897,1.0677612719469796,0.43047187956436417,0.30660232518819164
1701,4,autoregressive_lead1,particle,separatrix,0.3435129679803226,-0.05124141308876888,0.9555173896915093,0.46105597214862554,0.0
1701,4,autoregressive_lead1,electron_internal_energy,strict_faces,1.1094114027796793,-0.001543665563118471,1.0675361593396395,0.42530385465132337,0.3028566164116424
1701,4,autoregressive_lead1,electron_internal_energy,separatrix,0.262883032040932,-0.08135433654448457,0.9029057967759737,0.6634526400820413,0.0
1701,4,autoregressive_lead1,ion_internal_energy,strict_faces,1.1074955322558857,-0.0032701869903256076,1.0679156049921918,0.4276176952796124,0.3039813565444534
1701,4,autoregressive_lead1,ion_internal_energy,separatrix,0.2936463889637144,0.0013347669890392015,0.9949450963332582,0.57023184336686,0.0
1701,4,autoregressive_lead1,total_internal_energy,strict_faces,1.1080090551011756,-0.002448759313762242,1.0678290664652532,0.4269865170100013,0.3034494372370153
1701,4,autoregressive_lead1,total_internal_energy,separatrix,0.26459093107262033,-0.04397884371947076,0.944264120832421,0.6346819368346414,0.0
1702,4,autoregressive_lead1,particle,strict_faces,0.9984555734054428,-0.004287259669544933,0.9006837905817425,0.45195111665674026,0.30004222545445525
1702,4,autoregressive_lead1,particle,separatrix,0.4179792267737581,-0.3101302455692941,0.6847338424287821,0.544478441856037,0.0
1702,4,autoregressive_lead1,electron_internal_energy,strict_faces,1.0107193388440132,-0.007992899472919113,0.908762068478403,0.44221556031759196,0.2966958150450938
1702,4,autoregressive_lead1,electron_internal_energy,separatrix,0.3987071758591808,-0.32378673329751617,0.6574266146667999,0.7068758089435021,0.0
1702,4,autoregressive_lead1,ion_internal_energy,strict_faces,1.0031336554301145,-0.008511877662503227,0.9039056604690254,0.44825551780804096,0.2975127148747543
1702,4,autoregressive_lead1,ion_internal_energy,separatrix,0.37912266425431385,-0.27474797733104467,0.7147636516697661,0.6154812218697918,0.0
1702,4,autoregressive_lead1,total_internal_energy,strict_faces,1.0063874063258964,-0.008286722440951376,0.9062902645687562,0.44581056939949265,0.29711659128553636
1702,4,autoregressive_lead1,total_internal_energy,separatrix,0.38460300409797804,-0.3019495221569199,0.6829079338421772,0.6781277831913695,0.0
1703,4,autoregressive_lead1,particle,strict_faces,1.0342421646382316,-0.002185229623404834,0.962567167139433,0.44498180928666037,0.3008129057718414
1703,4,autoregressive_lead1,particle,separatrix,0.33886380071771594,-0.1724916428287524,0.8214445997992361,0.5293926813516439,0.0
1703,4,autoregressive_lead1,electron_internal_energy,strict_faces,1.031226575987171,-0.0035157556246996,0.946262301985853,0.4392413784590745,0.29727918622239435
1703,4,autoregressive_lead1,electron_internal_energy,separatrix,0.2835778138313114,-0.1451702303994891,0.844252074281292,0.6849434666925898,0.0
1703,4,autoregressive_lead1,ion_internal_energy,strict_faces,1.033115567150754,-0.005132529861071839,0.957098584886694,0.44310807035404937,0.29821029318043396
1703,4,autoregressive_lead1,ion_internal_energy,separatrix,0.2981825264785736,-0.10730939713517904,0.8930216379456272,0.6169772675530422,0.0
1703,4,autoregressive_lead1,total_internal_energy,strict_faces,1.0318964653200466,-0.004369299759484541,0.9521472092012547,0.4417208908279769,0.2977622958415384
1703,4,autoregressive_lead1,total_internal_energy,separatrix,0.28034096528571084,-0.12818571748639607,0.8657061532416419,0.6707254947857979,0.0
1701,4,autoregressive_lead2,particle,strict_faces,1.0162231036026845,-0.009377104381534123,0.7524135789138282,0.3543980186717644,0.3486430202974014
1701,4,autoregressive_lead2,particle,separatrix,0.6668256647514896,-0.5971436888390518,0.3875548767812827,0.4012331700591819,0.0
1701,4,autoregressive_lead2,electron_internal_energy,strict_faces,1.030046086579471,-0.016383719651132656,0.7663148708528228,0.34314393208626964,0.3445458090034298
1701,4,autoregressive_lead2,electron_internal_energy,separatrix,0.6275437609550345,-0.5640511585907253,0.4203797910902531,0.5454294088594381,0.0
1701,4,autoregressive_lead2,ion_internal_energy,strict_faces,1.021202410661886,-0.015395752013083812,0.7587371435027301,0.3509689559988233,0.3457207402691245
1701,4,autoregressive_lead2,ion_internal_energy,separatrix,0.608557980405581,-0.5344688517142479,0.4591177596643737,0.4763072085325939,0.0
1701,4,autoregressive_lead2,total_internal_energy,strict_faces,1.0253041495993078,-0.015915701145996382,0.7629322620263065,0.34769346104300025,0.3451677211729718
1701,4,autoregressive_lead2,total_internal_energy,separatrix,0.6161056757500759,-0.5513173610597493,0.4363108604556296,0.5303538947833822,0.0
1702,4,autoregressive_lead2,particle,strict_faces,1.0323430774492037,-0.008081170630683875,0.7437102340802836,0.3275633550646844,0.3600360406874949
1702,4,autoregressive_lead2,particle,separatrix,0.6387630377642064,-0.55954332616414,0.4326790674438397,0.367094348892513,0.0
1702,4,autoregressive_lead2,electron_internal_energy,strict_faces,1.0434852622457806,-0.01581397475637307,0.7510453486523445,0.316112399282376,0.35705532523995726
1702,4,autoregressive_lead2,electron_internal_energy,separatrix,0.6584513553256011,-0.5876807194079655,0.40431327193343963,0.44584038649852437,0.0
1702,4,autoregressive_lead2,ion_internal_energy,strict_faces,1.0369591443938813,-0.01425833178507359,0.7478612449930894,0.3233941475092345,0.3577033115503073
1702,4,autoregressive_lead2,ion_internal_energy,separatrix,0.6126196401279257,-0.5340919212668226,0.45599138031440906,0.42897255006957413,0.0
1702,4,autoregressive_lead2,total_internal_energy,strict_faces,1.0399601899086994,-0.015048184260046601,0.7498171339828218,0.32032364045176714,0.3573984644274156
1702,4,autoregressive_lead2,total_internal_energy,separatrix,0.6350236601376147,-0.5640959952005979,0.4259365738596278,0.4539134125479346,0.0
1703,4,autoregressive_lead2,particle,strict_faces,1.053555862812711,-0.004434409702514391,0.8643381364519493,0.3684235366083739,0.34367694851151237
1703,4,autoregressive_lead2,particle,separatrix,0.43553652911747187,-0.2667483124361396,0.7568473800813432,0.4447464306680148,0.0
1703,4,autoregressive_lead2,electron_internal_energy,strict_faces,1.0616242107883853,-0.010302411600267349,0.8548586927238673,0.35278979483107353,0.34085212052553704
1703,4,autoregressive_lead2,electron_internal_energy,separatrix,0.4208712641364384,-0.2852655930800689,0.7478255534263756,0.5891455530425133,0.0
1703,4,autoregressive_lead2,ion_internal_energy,strict_faces,1.0578289274456674,-0.010247408038677134,0.8625357586476559,0.3620414955935497,0.34130633006925154
1703,4,autoregressive_lead2,ion_internal_energy,separatrix,0.42297792219784663,-0.2429944471031807,0.7978498268020346,0.5256620486334274,0.0
1703,4,autoregressive_lead2,total_internal_energy,strict_faces,1.0594603356021002,-0.010303494191207924,0.8593154093098249,0.35812089462531815,0.3410875274499704
1703,4,autoregressive_lead2,total_internal_energy,separatrix,0.41523340916039575,-0.26644937726467127,0.769282110695168,0.5714240147933598,0.0
1701,4,direct,particle,strict_faces,1.0676769096291125,-0.011566980113720524,0.5749179626607142,0.16567668705203956,0.4240726846425476
1701,4,direct,particle,separatrix,0.827918443473891,-0.757607897791442,0.20953756637018528,-0.0028086031794170474,0.0
1701,4,direct,electron_internal_energy,strict_faces,1.0807169444674076,-0.021947881000422016,0.6053822902747903,0.16381811318215847,0.42058634803427186
1701,4,direct,electron_internal_energy,separatrix,0.8420720557660398,-0.7721589817579614,0.18998768288562456,0.022811923710362572,0.0
1701,4,direct,ion_internal_energy,strict_faces,1.0731233365660802,-0.01920949926301826,0.5898608098331248,0.16627403086301182,0.42211659641068827
1701,4,direct,ion_internal_energy,separatrix,0.8110404168517045,-0.7383238571789749,0.22680090793495622,0.03776127353781973,0.0
1701,4,direct,total_internal_energy,strict_faces,1.0767450634040232,-0.020582847539117974,0.5977333984305458,0.1653872521618565,0.4214032130829237
1701,4,direct,total_internal_energy,separatrix,0.8271129229795755,-0.7577458935108244,0.20526960735945435,0.03205081951339473,0.0
1702,4,direct,particle,strict_faces,1.0718026579171267,-0.01221894323567265,0.5874731441815643,0.16706093540179995,0.4237384932639754
1702,4,direct,particle,separatrix,0.8815063142895257,-0.8131824221991866,0.14957517354564318,-0.18711757785822428,0.0
1702,4,direct,electron_internal_energy,strict_faces,1.087587938406568,-0.022611145777645274,0.626937594871343,0.16751915284768168,0.4197496528131418
1702,4,direct,electron_internal_energy,separatrix,0.8919570726707444,-0.8238896713376197,0.14003937354878124,-0.0872017500529376,0.0
1702,4,direct,ion_internal_energy,strict_faces,1.0770496463404888,-0.019594716764154838,0.6024544202394022,0.16826996077345885,0.4215134297583738
1702,4,direct,ion_internal_energy,separatrix,0.8531363722792644,-0.7849850996370757,0.16899124317547337,-0.06988594225963723,0.0
1702,4,direct,total_internal_energy,strict_faces,1.0820650053809155,-0.021102987060581172,0.6145809328442511,0.1681495082411722,0.4206874959063735
1702,4,direct,total_internal_energy,separatrix,0.8738939991860736,-0.8072408882704598,0.151222714227949,-0.08994513575846827,0.0
1703,4,direct,particle,strict_faces,1.0725057472181942,-0.011434723062127899,0.5863326032071127,0.16493889676188223,0.4242556676684363
1703,4,direct,particle,separatrix,0.7916903458104034,-0.7227600565380361,0.24051701838615694,0.11537139509510227,0.0
1703,4,direct,electron_internal_energy,strict_faces,1.0879722520108819,-0.021514577338206473,0.6168462430026528,0.15935824219136083,0.42157406650496215
1703,4,direct,electron_internal_energy,separatrix,0.8070460589509236,-0.7411775812137821,0.2250892178320855,0.23718353627506233,0.0
1703,4,direct,ion_internal_energy,strict_faces,1.0788356138301154,-0.018647507588609526,0.6000911880750777,0.16331861702554612,0.4226310043851529
1703,4,direct,ion_internal_energy,separatrix,0.7708600479291272,-0.7055157682390147,0.26045020183010076,0.3049433176557237,0.0
1703,4,direct,total_internal_energy,strict_faces,1.0831320810782255,-0.020081162044650634,0.6083912621594428,0.16169656112218694,0.4221374066697574
1703,4,direct,total_internal_energy,separatrix,0.7895931739834998,-0.7258997722975379,0.23968259423960947,0.28361480954494367,0.0
baseline,8,persistence,particle,strict_faces,1.411726017330436,-0.0001716211935497593,0.9849455201668368,-0.011843245514095761,0.5037264116363065
baseline,8,persistence,particle,separatrix,0.4507375678919419,-0.01683667239124062,0.9815177582079013,0.011597537559835058,0.0
baseline,8,persistence,electron_internal_energy,strict_faces,1.4063426847237184,-0.0006513566568079169,0.9825070862158904,-0.007067609103881021,0.5040094398521712
baseline,8,persistence,electron_internal_energy,separatrix,0.44541498503086413,-0.025569967766522754,0.9712807525546648,0.06320902083941599,0.0
baseline,8,persistence,ion_internal_energy,strict_faces,1.4086342016848177,-0.0003473767805955907,0.9833880161804017,-0.009336971942438247,0.5042633214245317
baseline,8,persistence,ion_internal_energy,separatrix,0.4580373843342677,-0.01835129649528596,0.979564471104217,0.01345342364058605,0.0
baseline,8,persistence,total_internal_energy,strict_faces,1.4076174677668807,-0.0004946860971037193,0.9829557025180666,-0.008378709661883846,0.504145691511923
baseline,8,persistence,total_internal_energy,separatrix,0.44723455504060294,-0.022323151946687884,0.9751053278162922,0.03881352864727942,0.0
1701,8,autoregressive_lead1,particle,strict_faces,1.484024100184275,-8.407557669183529e-05,1.1699191198296228,0.07092069411112165,0.46679369285051614
1701,8,autoregressive_lead1,particle,separatrix,0.4098285439402332,-0.02347528403238703,0.9555439560562815,-0.0010420787454724011,0.0
1701,8,autoregressive_lead1,electron_internal_energy,strict_faces,1.4816105366701358,-0.00031936302509228873,1.1791685522863216,0.08224894330638938,0.4634431433087588
1701,8,autoregressive_lead1,electron_internal_energy,separatrix,0.3958514488220577,-0.07506166308792762,0.8872212176677892,-0.06469956912915742,0.0
1701,8,autoregressive_lead1,ion_internal_energy,strict_faces,1.4826846232435646,-0.0022235615442653526,1.1728244933932477,0.07511026572906306,0.465751353282897
1701,8,autoregressive_lead1,ion_internal_energy,separatrix,0.39035928741657244,0.014007378077146608,0.981724337510694,0.024085461529251256,0.0
1701,8,autoregressive_lead1,total_internal_energy,strict_faces,1.4819890411248557,-0.0013134664677106305,1.1757474262696332,0.07865443974467552,0.46465924578321066
1701,8,autoregressive_lead1,total_internal_energy,separatrix,0.3848342450176826,-0.034710447123958564,0.9299550565112996,-0.020978115975178374,0.0
1702,8,autoregressive_lead1,particle,strict_faces,1.3442975829243726,-0.0022730153837741953,1.0231683852047415,0.11697936705511311,0.4472865573659232
1702,8,autoregressive_lead1,particle,separatrix,0.3950658531165681,-0.25750803174770226,0.7250445855363478,0.4550015294539206,0.0
1702,8,autoregressive_lead1,electron_internal_energy,strict_faces,1.3494187337590118,-0.004963759131209705,1.0351098460284751,0.12051795833245872,0.4460262139574284
1702,8,autoregressive_lead1,electron_internal_energy,separatrix,0.3946813327440696,-0.2500296631424058,0.7333168744937748,0.46589659561566854,0.0
1702,8,autoregressive_lead1,ion_internal_energy,strict_faces,1.3464286794853944,-0.006434929593707243,1.028790175346205,0.11896850549836581,0.44662367929693403
1702,8,autoregressive_lead1,ion_internal_energy,separatrix,0.37804556589596355,-0.20254546301610998,0.7839259732071054,0.4294494784806889,0.0
1702,8,autoregressive_lead1,total_internal_energy,strict_faces,1.3475690403540177,-0.005745395291223169,1.0315007312793942,0.11981038685737948,0.4463173619058599
1702,8,autoregressive_lead1,total_internal_energy,separatrix,0.3802989652620369,-0.22877081101390342,0.7555932216506412,0.46453497378210595,0.0
1703,8,autoregressive_lead1,particle,strict_faces,1.3837112883108613,0.000327201249602978,1.0814541767038073,0.11764555217366954,0.4462317622403811
1703,8,autoregressive_lead1,particle,separatrix,0.34362756979251824,-0.09660358991353446,0.8844610068693497,0.3579434954997159,0.0
1703,8,autoregressive_lead1,electron_internal_energy,strict_faces,1.3718585448182496,0.0007767609215944509,1.0708630687202627,0.1230122110770591,0.44402310769866415
1703,8,autoregressive_lead1,electron_internal_energy,separatrix,0.33436974095171434,-0.03577610951393865,0.9430594477521783,0.38332124761184405,0.0
1703,8,autoregressive_lead1,ion_internal_energy,strict_faces,1.3828309100265714,-0.00169122117019204,1.0831695077642387,0.12005397284836349,0.44528950138237966
1703,8,autoregressive_lead1,ion_internal_energy,separatrix,0.3470053877943934,0.003670948631791671,0.9858947506241116,0.350331634043326,0.0
1703,8,autoregressive_lead1,total_internal_energy,strict_faces,1.377590163480287,-0.0005082380205152111,1.077519593467113,0.12165638574963071,0.4446922211972263
1703,8,autoregressive_lead1,total_internal_energy,separatrix,0.33042447522912277,-0.017908341729714044,0.9617583492646518,0.383911738011287,0.0
1701,8,autoregressive_lead2,particle,strict_faces,1.2657605872542912,-0.007089743380481838,0.8552694986441267,0.07547306573801678,0.4677630099299185
1701,8,autoregressive_lead2,particle,separatrix,0.5617698047714083,-0.4493907153021764,0.5349844852147253,0.24127308420289445,0.0
1701,8,autoregressive_lead2,electron_internal_energy,strict_faces,1.2671510039866958,-0.012040868902382484,0.8641388115861453,0.0812058336968829,0.4658276400688721
1701,8,autoregressive_lead2,electron_internal_energy,separatrix,0.5295942573702856,-0.418561738863199,0.5614930868160506,0.3368921727754677,0.0
1701,8,autoregressive_lead2,ion_internal_energy,strict_faces,1.266100258110838,-0.012375713367737594,0.8595174492626252,0.0786722689387892,0.46681988371386185
1701,8,autoregressive_lead2,ion_internal_energy,separatrix,0.5275211450734624,-0.38959823840281443,0.6015735467602218,0.24238559356719958,0.0
1701,8,autoregressive_lead2,total_internal_energy,strict_faces,1.2669320855161574,-0.012250228324237927,0.8623849336582189,0.07999658308992368,0.46635196218504676
1701,8,autoregressive_lead2,total_internal_energy,separatrix,0.5246761729910863,-0.4059152572395076,0.5785849542909864,0.29992676389043893,0.0
1702,8,autoregressive_lead2,particle,strict_faces,1.3079383363709052,-0.00523845295892568,0.8180691161684552,-0.025541242660404237,0.49814118088256876
1702,8,autoregressive_lead2,particle,separatrix,0.5616654381555022,-0.35293175794482645,0.6873029272303706,0.15511295634165057,0.0
1702,8,autoregressive_lead2,electron_internal_energy,strict_faces,1.2968521720869721,-0.012357032481264886,0.8054915934927951,-0.020979811157947986,0.5003611327617402
1702,8,autoregressive_lead2,electron_internal_energy,separatrix,0.5727137369676437,-0.4704748361939106,0.5228251611944823,0.35899203058804724,0.0
1702,8,autoregressive_lead2,ion_internal_energy,strict_faces,1.3051068945101176,-0.011625938115422578,0.8143935500397128,-0.024983393544446626,0.49940294871145713
1702,8,autoregressive_lead2,ion_internal_energy,separatrix,0.555936033706088,-0.4111051899358027,0.5846995156150202,0.17121741277653038,0.0
1702,8,autoregressive_lead2,total_internal_energy,strict_faces,1.3015287215339566,-0.012011336106029539,0.8105017479253452,-0.02330038539771287,0.4998410157240998
1702,8,autoregressive_lead2,total_internal_energy,separatrix,0.560678450921288,-0.4440850437562615,0.5491254624337799,0.27907307860948716,0.0
1703,8,autoregressive_lead2,particle,strict_faces,1.3721487147839573,5.337870906495706e-05,1.030070262041174,0.08631225581421978,0.46434393542790964
1703,8,autoregressive_lead2,particle,separatrix,0.45623332765532104,0.0044151278993477885,1.0484135142492446,0.32387227441007693,0.0
1703,8,autoregressive_lead2,electron_internal_energy,strict_faces,1.3451688734154128,-0.004499484014363716,0.9967559217965206,0.09177866052834369,0.46168054930766034
1703,8,autoregressive_lead2,electron_internal_energy,separatrix,0.38636635055805085,-0.05060882366189436,0.9635249517601936,0.39375461146499546,0.0
1703,8,autoregressive_lead2,ion_internal_energy,strict_faces,1.3681484911945505,-0.005986884241511601,1.0268536499102172,0.08852201687292285,0.4631999219153158
1703,8,autoregressive_lead2,ion_internal_energy,separatrix,0.4209465046878932,-0.024942934149405974,1.0018370639067067,0.3487552230439069,0.0
1703,8,autoregressive_lead2,total_internal_energy,strict_faces,1.3572283954679314,-0.005288246749772094,1.0127691240821013,0.09019661485639509,0.46248075402508193
1703,8,autoregressive_lead2,total_internal_energy,separatrix,0.38973289822988055,-0.03901624739506842,0.9788302204743025,0.3901500025553926,0.0
1701,8,autoregressive_lead4,particle,strict_faces,1.08647706682414,-0.013404566349136811,0.44147989933919385,0.016321254722773793,0.4863479864786475
1701,8,autoregressive_lead4,particle,separatrix,0.9352989545842046,-0.8752217753521793,0.08137475277396232,-0.07653918543027712,0.0
1701,8,autoregressive_lead4,electron_internal_energy,strict_faces,1.1067216169368783,-0.024870735004785892,0.4909583514023661,0.016408232882431262,0.4869776435765201
1701,8,autoregressive_lead4,electron_internal_energy,separatrix,0.9438471828734846,-0.88084573991278,0.07531094261577441,-0.1130879094623807,0.005326690646779901
1701,8,autoregressive_lead4,ion_internal_energy,strict_faces,1.0952555290231492,-0.02187590478267322,0.4637993941366615,0.0166206971972485,0.4868240395337256
1701,8,autoregressive_lead4,ion_internal_energy,separatrix,0.9201486506835912,-0.8573998967551959,0.09951203423103494,0.004025985145798871,0.0
1701,8,autoregressive_lead4,total_internal_energy,strict_faces,1.100881432070144,-0.023380406112205893,0.477287557673994,0.016510198480841433,0.4868943158245933
1701,8,autoregressive_lead4,total_internal_energy,separatrix,0.9328424016382636,-0.8712615775863974,0.08546958845910105,-0.05776667092452591,0.0
1702,8,autoregressive_lead4,particle,strict_faces,1.0822535730369367,-0.012911008120812655,0.426915318490258,0.012774426331971681,0.4898089975872138
1702,8,autoregressive_lead4,particle,separatrix,0.9011034559639184,-0.8417849610843219,0.10849871445390195,0.13682219983650803,0.0
1702,8,autoregressive_lead4,electron_internal_energy,strict_faces,1.0989575211100637,-0.024951036061159632,0.4683406577976311,0.012322354587134474,0.4906337037246718
1702,8,autoregressive_lead4,electron_internal_energy,separatrix,0.9472384585677415,-0.8868916340099731,0.05980469939234032,-0.019227215499457995,0.0
1702,8,autoregressive_lead4,ion_internal_energy,strict_faces,1.0880577140902885,-0.021660041481828304,0.44168497821689384,0.012561487867814247,0.4904651741367977
1702,8,autoregressive_lead4,ion_internal_energy,separatrix,0.907303499475118,-0.8452857025735742,0.10086831622119327,0.07060553576281553,0.0
1702,8,autoregressive_lead4,total_internal_energy,strict_faces,1.0933622071517015,-0.023306466682835106,0.45483027941848614,0.012445484047845264,0.49054054349668574
1702,8,autoregressive_lead4,total_internal_energy,separatrix,0.9288722851067661,-0.8690691963310585,0.07748572654438735,0.026434931685638003,0.0
1703,8,autoregressive_lead4,particle,strict_faces,1.0829993965728084,-0.012763869028219521,0.4413881504003126,0.024758346985044043,0.48303867415297586
1703,8,autoregressive_lead4,particle,separatrix,0.8427430217946785,-0.7796772096859398,0.1792721013608177,0.16860016002202755,0.0
1703,8,autoregressive_lead4,electron_internal_energy,strict_faces,1.0993508601625674,-0.02440832075935101,0.47700277492918747,0.01974811963211305,0.4842518867898214
1703,8,autoregressive_lead4,electron_internal_energy,separatrix,0.8981821720248523,-0.8371970631997075,0.11341960555574514,0.2193849087163444,0.0
1703,8,autoregressive_lead4,ion_internal_energy,strict_faces,1.0892272564618561,-0.021214837699006783,0.4550833438086881,0.02257467943568828,0.48370936725612285
1703,8,autoregressive_lead4,ion_internal_energy,separatrix,0.8529973470997245,-0.7898360072789133,0.17208786694983885,0.22394030335182064,0.0
1703,8,autoregressive_lead4,total_internal_energy,strict_faces,1.0941088272657633,-0.022813046367915,0.4657834227188802,0.02120012952469796,0.48396016522076524
1703,8,autoregressive_lead4,total_internal_energy,separatrix,0.876891170658403,-0.8167016398611112,0.13938293006755187,0.23875291399882853,0.0
1701,8,direct,particle,strict_faces,1.1157103960003554,-0.013022677307778457,0.5050903331202186,0.010130024463723509,0.49194996896793475
1701,8,direct,particle,separatrix,0.899338794890996,-0.8317616336228764,0.12624571733324816,-0.2558402539781979,0.0
1701,8,direct,electron_internal_energy,strict_faces,1.1336486296328365,-0.02439815282041557,0.5431661558718373,0.00897220677978444,0.4931515556213528
1701,8,direct,electron_internal_energy,separatrix,0.929804539329769,-0.8660144326841944,0.08496634449965275,-0.1404200888232926,0.0
1701,8,direct,ion_internal_energy,strict_faces,1.1235830360778094,-0.021240772081657654,0.5221047855671473,0.009590359020168518,0.4928133211956981
1701,8,direct,ion_internal_energy,separatrix,0.8923812071107721,-0.8248217900227169,0.12652617159155732,-0.1732291818691832,0.0
1701,8,direct,total_internal_energy,strict_faces,1.128561159902547,-0.022821679191643792,0.5325924972705934,0.009266713760806271,0.492970343251087
1701,8,direct,total_internal_energy,separatrix,0.9126166950910976,-0.8483544918764098,0.10297265197352223,-0.18102286598593345,0.0
1702,8,direct,particle,strict_faces,1.1150455540358493,-0.013481578066827265,0.5087922493118123,0.015216780894511157,0.4885313963124466
1702,8,direct,particle,separatrix,0.9197888573383962,-0.8556884982594761,0.09618217296598806,-0.35072541680840486,0.0
1702,8,direct,electron_internal_energy,strict_faces,1.1330663678097097,-0.024884746265867307,0.5447630275876675,0.011776722103081174,0.48926431244222884
1702,8,direct,electron_internal_energy,separatrix,0.947176466534579,-0.8843936152995908,0.06500559499777192,-0.23145109620927262,0.0
1702,8,direct,ion_internal_energy,strict_faces,1.118489647899078,-0.021552397303189665,0.5153148833742516,0.01397835875924519,0.4891154250911368
1702,8,direct,ion_internal_energy,separatrix,0.9159027571843024,-0.852442616592592,0.09428625578484769,-0.15862037253244607,0.0
1702,8,direct,total_internal_energy,strict_faces,1.1254914803034837,-0.023218416358205884,0.5296461980771672,0.012915974111597298,0.4891769478823241
1702,8,direct,total_internal_energy,separatrix,0.9327646599825878,-0.8709519751055271,0.0773881077627412,-0.2219919681235438,0.0
1703,8,direct,particle,strict_faces,1.1124002330666398,-0.013087024387307819,0.5005385624923434,0.013019496559739845,0.49119328034206444
1703,8,direct,particle,separatrix,0.89334250574474,-0.8326202993036671,0.12230049914488494,0.08267145370299908,0.005567477307202153
1703,8,direct,electron_internal_energy,strict_faces,1.129214368961479,-0.02466615492973784,0.5385945995536395,0.013787542382445724,0.49134208145109376
1703,8,direct,electron_internal_energy,separatrix,0.9432568347765173,-0.8830922056097725,0.06498056240243275,0.04682740576219206,0.0
1703,8,direct,ion_internal_energy,strict_faces,1.1203168220948063,-0.021308580246183824,0.5186933242712828,0.013299962018647742,0.49156458954858856
1703,8,direct,ion_internal_energy,separatrix,0.9153869357156653,-0.8563624044480302,0.09248403033808592,0.2794611327786346,0.0
1703,8,direct,total_internal_energy,strict_faces,1.1245689385153497,-0.02298603773027669,0.5282716402859559,0.013526920682028853,0.49146154050849966
1703,8,direct,total_internal_energy,separatrix,0.9303251414832627,-0.8720196740607283,0.07656830339699955,0.19154434759508476,0.0
