seed,horizon_frames,method,pair,band,n_low,n_high,phase_error_degrees,absolute_coherence_change
baseline,4,persistence,Ne-phi,k1_3,5,15,0.3493490691778224,0.0033080867177785545
baseline,4,persistence,Pe-phi,k1_3,5,15,0.46354325271134217,0.0037658284727541207
baseline,4,persistence,Pi-phi,k1_3,5,15,0.37709322103106563,0.004123246558612783
baseline,4,persistence,Ne-phi,k4_5,20,25,0.18802076523343525,0.004904939178337259
baseline,4,persistence,Pe-phi,k4_5,20,25,0.24775274258121138,0.005817720709208979
baseline,4,persistence,Pi-phi,k4_5,20,25,0.25048376922383025,0.004340793602824819
baseline,4,persistence,Ne-phi,k6_7,30,35,0.07892607550718825,0.0011777070177748101
baseline,4,persistence,Pe-phi,k6_7,30,35,0.07789050471813147,0.001780342997285494
baseline,4,persistence,Pi-phi,k6_7,30,35,0.09981284907539263,0.0018915231799053471
1701,4,autoregressive_lead1,Ne-phi,k1_3,5,15,6.012737426948817,0.019759874669755945
1701,4,autoregressive_lead1,Pe-phi,k1_3,5,15,6.760993388487033,0.04271380924672776
1701,4,autoregressive_lead1,Pi-phi,k1_3,5,15,4.092459689817944,0.03419823752443049
1701,4,autoregressive_lead1,Ne-phi,k4_5,20,25,1.6703976103332463,0.0978768562377296
1701,4,autoregressive_lead1,Pe-phi,k4_5,20,25,4.729550367167372,0.15810993145252075
1701,4,autoregressive_lead1,Pi-phi,k4_5,20,25,3.0077350895611072,0.08188333022756684
1701,4,autoregressive_lead1,Ne-phi,k6_7,30,35,10.906089813989547,0.2417248870200042
1701,4,autoregressive_lead1,Pe-phi,k6_7,30,35,9.832945045287543,0.10656668352880151
1701,4,autoregressive_lead1,Pi-phi,k6_7,30,35,8.978273484161699,0.19608893037591177
1702,4,autoregressive_lead1,Ne-phi,k1_3,5,15,4.323344297969124,0.029057277144329048
1702,4,autoregressive_lead1,Pe-phi,k1_3,5,15,6.2266438437360145,0.0280322292199429
1702,4,autoregressive_lead1,Pi-phi,k1_3,5,15,3.6880967078021594,0.04432002436421711
1702,4,autoregressive_lead1,Ne-phi,k4_5,20,25,0.832000871615174,0.07048970529323201
1702,4,autoregressive_lead1,Pe-phi,k4_5,20,25,3.5321712977576807,0.11997206120812409
1702,4,autoregressive_lead1,Pi-phi,k4_5,20,25,2.0007431470745307,0.05461393751041455
1702,4,autoregressive_lead1,Ne-phi,k6_7,30,35,10.99635619733823,0.2617218416889688
1702,4,autoregressive_lead1,Pe-phi,k6_7,30,35,4.267655459127951,0.2171166852555747
1702,4,autoregressive_lead1,Pi-phi,k6_7,30,35,6.773245571202817,0.2385523659679502
1703,4,autoregressive_lead1,Ne-phi,k1_3,5,15,4.190124505148536,0.04047474786979892
1703,4,autoregressive_lead1,Pe-phi,k1_3,5,15,4.106906807341137,0.03346266507487412
1703,4,autoregressive_lead1,Pi-phi,k1_3,5,15,1.8697110568744757,0.03910856890484491
1703,4,autoregressive_lead1,Ne-phi,k4_5,20,25,0.4598633713638871,0.0782094611659997
1703,4,autoregressive_lead1,Pe-phi,k4_5,20,25,2.29668994844587,0.1488726019949328
1703,4,autoregressive_lead1,Pi-phi,k4_5,20,25,1.3417201378179704,0.0741768349907565
1703,4,autoregressive_lead1,Ne-phi,k6_7,30,35,4.810261537698326,0.20645456755545422
1703,4,autoregressive_lead1,Pe-phi,k6_7,30,35,5.952001599453248,0.0866742931533905
1703,4,autoregressive_lead1,Pi-phi,k6_7,30,35,10.875676075476514,0.12423754153094838
1701,4,autoregressive_lead2,Ne-phi,k1_3,5,15,4.270730925815941,0.1733118795082047
1701,4,autoregressive_lead2,Pe-phi,k1_3,5,15,4.270267985822863,0.1943914234626444
1701,4,autoregressive_lead2,Pi-phi,k1_3,5,15,4.4348304499347115,0.18500592959266424
1701,4,autoregressive_lead2,Ne-phi,k4_5,20,25,3.5031884346156175,0.07922845861413318
1701,4,autoregressive_lead2,Pe-phi,k4_5,20,25,7.179227662284659,0.15458219883441995
1701,4,autoregressive_lead2,Pi-phi,k4_5,20,25,4.211813288636519,0.08856835539100677
1701,4,autoregressive_lead2,Ne-phi,k6_7,30,35,18.300341259611578,0.3366869198450296
1701,4,autoregressive_lead2,Pe-phi,k6_7,30,35,11.676138634901951,0.26239198474580044
1701,4,autoregressive_lead2,Pi-phi,k6_7,30,35,5.803033442989338,0.3600404810505539
1702,4,autoregressive_lead2,Ne-phi,k1_3,5,15,3.454777803018212,0.20049997003499445
1702,4,autoregressive_lead2,Pe-phi,k1_3,5,15,5.005174474271292,0.21685405802805385
1702,4,autoregressive_lead2,Pi-phi,k1_3,5,15,3.788993151718434,0.19623807350949685
1702,4,autoregressive_lead2,Ne-phi,k4_5,20,25,0.6428007763344114,0.07588123594532527
1702,4,autoregressive_lead2,Pe-phi,k4_5,20,25,5.305502285324025,0.14799796283079583
1702,4,autoregressive_lead2,Pi-phi,k4_5,20,25,2.2913295052846934,0.0882427176843875
1702,4,autoregressive_lead2,Ne-phi,k6_7,30,35,8.16867586105183,0.3208378917574791
1702,4,autoregressive_lead2,Pe-phi,k6_7,30,35,5.532976504889658,0.25733005804454523
1702,4,autoregressive_lead2,Pi-phi,k6_7,30,35,4.424353574638847,0.2662478126525953
1703,4,autoregressive_lead2,Ne-phi,k1_3,5,15,5.401698992507731,0.1831240350891598
1703,4,autoregressive_lead2,Pe-phi,k1_3,5,15,5.347428983045371,0.20183891593421951
1703,4,autoregressive_lead2,Pi-phi,k1_3,5,15,5.5505690654588165,0.17879080371421532
1703,4,autoregressive_lead2,Ne-phi,k4_5,20,25,2.9121198142108042,0.07632754858603524
1703,4,autoregressive_lead2,Pe-phi,k4_5,20,25,5.121453260126556,0.1661602831276446
1703,4,autoregressive_lead2,Pi-phi,k4_5,20,25,2.6329914394961476,0.10077198512689589
1703,4,autoregressive_lead2,Ne-phi,k6_7,30,35,5.555782926284795,0.30995587323674634
1703,4,autoregressive_lead2,Pe-phi,k6_7,30,35,3.7842352211197765,0.204170649387642
1703,4,autoregressive_lead2,Pi-phi,k6_7,30,35,3.582458435496917,0.2507523039008867
1701,4,direct,Ne-phi,k1_3,5,15,6.544413646569764,0.2547074680254873
1701,4,direct,Pe-phi,k1_3,5,15,8.677372834317671,0.2573423744663155
1701,4,direct,Pi-phi,k1_3,5,15,3.101147764310426,0.26445156814925086
1701,4,direct,Ne-phi,k4_5,20,25,3.8130749036783107,0.2566016223006575
1701,4,direct,Pe-phi,k4_5,20,25,4.59577186378125,0.2032686329097782
1701,4,direct,Pi-phi,k4_5,20,25,0.3575712696011837,0.23533763222065882
1701,4,direct,Ne-phi,k6_7,30,35,13.995092891664337,0.4405235216465586
1701,4,direct,Pe-phi,k6_7,30,35,1.5489528004686681,0.3515327819057122
1701,4,direct,Pi-phi,k6_7,30,35,4.917460151910263,0.42143512994621374
1702,4,direct,Ne-phi,k1_3,5,15,2.379940985135062,0.2809608042855291
1702,4,direct,Pe-phi,k1_3,5,15,3.2433779909705964,0.2880558974694305
1702,4,direct,Pi-phi,k1_3,5,15,1.2017892793411484,0.27240842430317613
1702,4,direct,Ne-phi,k4_5,20,25,8.720860899056584,0.2551934421019831
1702,4,direct,Pe-phi,k4_5,20,25,9.292424269934466,0.20520703872121332
1702,4,direct,Pi-phi,k4_5,20,25,3.7430210229771803,0.21176543133760523
1702,4,direct,Ne-phi,k6_7,30,35,18.377979965287047,0.4407872273163544
1702,4,direct,Pe-phi,k6_7,30,35,7.031639848111854,0.3667091692693871
1702,4,direct,Pi-phi,k6_7,30,35,2.2968408151632382,0.36107210087920394
1703,4,direct,Ne-phi,k1_3,5,15,4.343989266415416,0.21224381891936364
1703,4,direct,Pe-phi,k1_3,5,15,4.8089171921851825,0.2302742196846971
1703,4,direct,Pi-phi,k1_3,5,15,2.49427226792074,0.21870420258513845
1703,4,direct,Ne-phi,k4_5,20,25,2.650449695124728,0.2533885694034962
1703,4,direct,Pe-phi,k4_5,20,25,5.018872815661839,0.14956812681613635
1703,4,direct,Pi-phi,k4_5,20,25,1.814114303882577,0.18444051622341737
1703,4,direct,Ne-phi,k6_7,30,35,12.931281501035036,0.43786325132258597
1703,4,direct,Pe-phi,k6_7,30,35,12.117574389518401,0.32239203681897627
1703,4,direct,Pi-phi,k6_7,30,35,5.313931846245737,0.36473270245189426
baseline,8,persistence,Ne-phi,k1_3,5,15,0.4638504776957835,0.005997961069422949
baseline,8,persistence,Pe-phi,k1_3,5,15,0.6157607868258599,0.0043380589985916795
baseline,8,persistence,Pi-phi,k1_3,5,15,0.5181176857716715,0.004685629869179736
baseline,8,persistence,Ne-phi,k4_5,20,25,0.16402655541996852,0.006545808788617483
baseline,8,persistence,Pe-phi,k4_5,20,25,0.36166233773934137,0.007303726270317054
baseline,8,persistence,Pi-phi,k4_5,20,25,0.32970012753197764,0.005831296530333832
baseline,8,persistence,Ne-phi,k6_7,30,35,0.1360114878777627,0.0001915872448663329
baseline,8,persistence,Pe-phi,k6_7,30,35,0.07547483015702852,0.0004142916764429878
baseline,8,persistence,Pi-phi,k6_7,30,35,0.16262713556846814,0.0012136458116484142
1701,8,autoregressive_lead1,Ne-phi,k1_3,5,15,7.011737872060207,0.08200621691582226
1701,8,autoregressive_lead1,Pe-phi,k1_3,5,15,7.704586027564407,0.040245185459909905
1701,8,autoregressive_lead1,Pi-phi,k1_3,5,15,3.567635004949926,0.029346681870744924
1701,8,autoregressive_lead1,Ne-phi,k4_5,20,25,2.524831111869891,0.07187442025467414
1701,8,autoregressive_lead1,Pe-phi,k4_5,20,25,5.371710415524903,0.15013117158061018
1701,8,autoregressive_lead1,Pi-phi,k4_5,20,25,3.8550942002165707,0.06558750814808072
1701,8,autoregressive_lead1,Ne-phi,k6_7,30,35,19.757569432417082,0.32394801551798985
1701,8,autoregressive_lead1,Pe-phi,k6_7,30,35,17.051053019728787,0.15338544370410048
1701,8,autoregressive_lead1,Pi-phi,k6_7,30,35,18.060024039332117,0.2808572197429794
1702,8,autoregressive_lead1,Ne-phi,k1_3,5,15,1.742101803394952,0.12187348463523369
1702,8,autoregressive_lead1,Pe-phi,k1_3,5,15,7.323485980510962,0.10289819467526277
1702,8,autoregressive_lead1,Pi-phi,k1_3,5,15,2.1826114601282223,0.09095676982330549
1702,8,autoregressive_lead1,Ne-phi,k4_5,20,25,1.399603551932954,0.06595348184129084
1702,8,autoregressive_lead1,Pe-phi,k4_5,20,25,3.558700837513756,0.10595250291411304
1702,8,autoregressive_lead1,Pi-phi,k4_5,20,25,2.6186723841708557,0.05482961565929756
1702,8,autoregressive_lead1,Ne-phi,k6_7,30,35,8.294193926119746,0.2714308825529647
1702,8,autoregressive_lead1,Pe-phi,k6_7,30,35,5.159331186139289,0.23409409548566
1702,8,autoregressive_lead1,Pi-phi,k6_7,30,35,7.493430917534983,0.25894997691271016
1703,8,autoregressive_lead1,Ne-phi,k1_3,5,15,4.351533058771505,0.05338446138466268
1703,8,autoregressive_lead1,Pe-phi,k1_3,5,15,5.127789079694242,0.0237417420100326
1703,8,autoregressive_lead1,Pi-phi,k1_3,5,15,1.4909223654429662,0.018645398945258
1703,8,autoregressive_lead1,Ne-phi,k4_5,20,25,0.7861620602201366,0.07095764428872256
1703,8,autoregressive_lead1,Pe-phi,k4_5,20,25,2.621732783185955,0.15337189594665107
1703,8,autoregressive_lead1,Pi-phi,k4_5,20,25,1.7338693569955854,0.06979914349097814
1703,8,autoregressive_lead1,Ne-phi,k6_7,30,35,3.9418679661070604,0.27442755511890515
1703,8,autoregressive_lead1,Pe-phi,k6_7,30,35,6.418424723318359,0.12713259835212176
1703,8,autoregressive_lead1,Pi-phi,k6_7,30,35,11.670346077032255,0.2047271325073503
1701,8,autoregressive_lead2,Ne-phi,k1_3,5,15,4.959215137944357,0.23344744379315396
1701,8,autoregressive_lead2,Pe-phi,k1_3,5,15,6.217291837356059,0.19619417384518698
1701,8,autoregressive_lead2,Pi-phi,k1_3,5,15,5.4209622521350385,0.21875213439488517
1701,8,autoregressive_lead2,Ne-phi,k4_5,20,25,3.274980612965991,0.04347526428522726
1701,8,autoregressive_lead2,Pe-phi,k4_5,20,25,6.362806131915569,0.1295791188990988
1701,8,autoregressive_lead2,Pi-phi,k4_5,20,25,4.794348513597998,0.0711014360657254
1701,8,autoregressive_lead2,Ne-phi,k6_7,30,35,15.708055874056438,0.2264752966648954
1701,8,autoregressive_lead2,Pe-phi,k6_7,30,35,13.870144240938696,0.1632915158106516
1701,8,autoregressive_lead2,Pi-phi,k6_7,30,35,9.487949833565526,0.27067299481651536
1702,8,autoregressive_lead2,Ne-phi,k1_3,5,15,4.124936793499258,0.3081981521213215
1702,8,autoregressive_lead2,Pe-phi,k1_3,5,15,7.074992780425966,0.2652555160299823
1702,8,autoregressive_lead2,Pi-phi,k1_3,5,15,4.58913964289903,0.2738466269936036
1702,8,autoregressive_lead2,Ne-phi,k4_5,20,25,1.5397612028369076,0.04416797460297103
1702,8,autoregressive_lead2,Pe-phi,k4_5,20,25,5.29802498638391,0.1192091042886389
1702,8,autoregressive_lead2,Pi-phi,k4_5,20,25,3.4225986719695833,0.06544359512557811
1702,8,autoregressive_lead2,Ne-phi,k6_7,30,35,2.782191783777586,0.2067060522368702
1702,8,autoregressive_lead2,Pe-phi,k6_7,30,35,1.706595406067922,0.20736671220304168
1702,8,autoregressive_lead2,Pi-phi,k6_7,30,35,3.761569962584113,0.1859631432134043
1703,8,autoregressive_lead2,Ne-phi,k1_3,5,15,3.9772809005902525,0.2614818153479822
1703,8,autoregressive_lead2,Pe-phi,k1_3,5,15,13.852898710799975,0.20729954955970345
1703,8,autoregressive_lead2,Pi-phi,k1_3,5,15,7.207890453533237,0.20359192639622128
1703,8,autoregressive_lead2,Ne-phi,k4_5,20,25,2.8122701215606223,0.026112514726412475
1703,8,autoregressive_lead2,Pe-phi,k4_5,20,25,6.614914946714132,0.15038642765077864
1703,8,autoregressive_lead2,Pi-phi,k4_5,20,25,4.595143618836316,0.06441443679292973
1703,8,autoregressive_lead2,Ne-phi,k6_7,30,35,3.7735600626104833,0.17408156189506155
1703,8,autoregressive_lead2,Pe-phi,k6_7,30,35,4.663193724353302,0.18624994855123292
1703,8,autoregressive_lead2,Pi-phi,k6_7,30,35,6.552748768133263,0.19023443485466948
1701,8,autoregressive_lead4,Ne-phi,k1_3,5,15,7.023250350410158,0.3468034494318185
1701,8,autoregressive_lead4,Pe-phi,k1_3,5,15,13.825854062901808,0.32266250899961074
1701,8,autoregressive_lead4,Pi-phi,k1_3,5,15,4.162381428777334,0.36170178815262893
1701,8,autoregressive_lead4,Ne-phi,k4_5,20,25,11.284583529115492,0.43047542763575886
1701,8,autoregressive_lead4,Pe-phi,k4_5,20,25,14.600231871195277,0.3371431616746919
1701,8,autoregressive_lead4,Pi-phi,k4_5,20,25,1.0621223907674266,0.4083606233120829
1701,8,autoregressive_lead4,Ne-phi,k6_7,30,35,54.20267946436458,0.4957582743447446
1701,8,autoregressive_lead4,Pe-phi,k6_7,30,35,57.32694001946023,0.4106070190621244
1701,8,autoregressive_lead4,Pi-phi,k6_7,30,35,29.179821442116754,0.5437881717668017
1702,8,autoregressive_lead4,Ne-phi,k1_3,5,15,7.18991089198823,0.38326241016192386
1702,8,autoregressive_lead4,Pe-phi,k1_3,5,15,43.462685668875146,0.34335983342550214
1702,8,autoregressive_lead4,Pi-phi,k1_3,5,15,11.382960056126825,0.36810019548558576
1702,8,autoregressive_lead4,Ne-phi,k4_5,20,25,5.91845230360233,0.566065480576124
1702,8,autoregressive_lead4,Pe-phi,k4_5,20,25,8.590092456324294,0.4560747575204115
1702,8,autoregressive_lead4,Pi-phi,k4_5,20,25,7.498934510566255,0.45989635956193076
1702,8,autoregressive_lead4,Ne-phi,k6_7,30,35,39.64394564624977,0.5185923599088663
1702,8,autoregressive_lead4,Pe-phi,k6_7,30,35,72.59462384252743,0.4231235475117571
1702,8,autoregressive_lead4,Pi-phi,k6_7,30,35,9.282554867007365,0.48788882830484914
1703,8,autoregressive_lead4,Ne-phi,k1_3,5,15,9.564106474912943,0.35052510276895654
1703,8,autoregressive_lead4,Pe-phi,k1_3,5,15,14.435246183669802,0.3279503005380041
1703,8,autoregressive_lead4,Pi-phi,k1_3,5,15,7.0820300705930554,0.34019180159102735
1703,8,autoregressive_lead4,Ne-phi,k4_5,20,25,9.143904107916198,0.49386284336262143
1703,8,autoregressive_lead4,Pe-phi,k4_5,20,25,8.338013467041877,0.304040589437576
1703,8,autoregressive_lead4,Pi-phi,k4_5,20,25,5.850325797958015,0.36396426827701833
1703,8,autoregressive_lead4,Ne-phi,k6_7,30,35,43.40879877436731,0.5244127286725897
1703,8,autoregressive_lead4,Pe-phi,k6_7,30,35,41.67291341818442,0.4072917391085547
1703,8,autoregressive_lead4,Pi-phi,k6_7,30,35,10.308399025341654,0.5012546656961377
1701,8,direct,Ne-phi,k1_3,5,15,8.457900415263051,0.31548639971548925
1701,8,direct,Pe-phi,k1_3,5,15,11.110686284713319,0.3048357056815388
1701,8,direct,Pi-phi,k1_3,5,15,8.530857113240405,0.33163122953362195
1701,8,direct,Ne-phi,k4_5,20,25,8.759039658086497,0.6379667402079012
1701,8,direct,Pe-phi,k4_5,20,25,5.30091422775673,0.5771675784594081
1701,8,direct,Pi-phi,k4_5,20,25,8.320622591982048,0.627730526975458
1701,8,direct,Ne-phi,k6_7,30,35,23.093755420781456,0.5014139181153036
1701,8,direct,Pe-phi,k6_7,30,35,9.141171970341192,0.41361318588760826
1701,8,direct,Pi-phi,k6_7,30,35,3.7892750703138005,0.5013577605932622
1702,8,direct,Ne-phi,k1_3,5,15,3.7519458844168128,0.32611999526013996
1702,8,direct,Pe-phi,k1_3,5,15,13.975092767730212,0.3366859842598047
1702,8,direct,Pi-phi,k1_3,5,15,6.9934427566740744,0.3429388660504094
1702,8,direct,Ne-phi,k4_5,20,25,24.576537569710084,0.6398979295970479
1702,8,direct,Pe-phi,k4_5,20,25,5.0537139407868725,0.6010291429141155
1702,8,direct,Pi-phi,k4_5,20,25,5.346130794191609,0.6134995854447853
1702,8,direct,Ne-phi,k6_7,30,35,38.9352331439628,0.506052048139509
1702,8,direct,Pe-phi,k6_7,30,35,28.913186312599034,0.43544489016212673
1702,8,direct,Pi-phi,k6_7,30,35,3.3776396572717333,0.4709949552561558
1703,8,direct,Ne-phi,k1_3,5,15,9.388992125155402,0.2975260083860889
1703,8,direct,Pe-phi,k1_3,5,15,6.229409344105938,0.29750228311023125
1703,8,direct,Pi-phi,k1_3,5,15,5.380068570857527,0.30530131185652326
1703,8,direct,Ne-phi,k4_5,20,25,11.292096314965796,0.6651490071768255
1703,8,direct,Pe-phi,k4_5,20,25,2.1766877362746917,0.558105181056069
1703,8,direct,Pi-phi,k4_5,20,25,4.567580428639998,0.5765420582721535
1703,8,direct,Ne-phi,k6_7,30,35,20.133077663951386,0.5179431553983703
1703,8,direct,Pe-phi,k6_7,30,35,21.856018943102548,0.37024035384981724
1703,8,direct,Pi-phi,k6_7,30,35,3.275448820623098,0.4338522216456867
