seed,horizon_frames,method,field,band,n_low,n_high,power_ratio,truth_power_weighted_transfer_coherence
baseline,4,persistence,Ne,k1_3,5,15,1.0012857935230126,0.019981277877586617
baseline,4,persistence,Pe,k1_3,5,15,0.9875287148750616,0.023287416583496607
baseline,4,persistence,Pi,k1_3,5,15,0.9919518122579076,0.02575620907818768
baseline,4,persistence,phi,k1_3,5,15,0.9832198385668001,0.06635662535430861
baseline,4,persistence,Vi,k1_3,5,15,0.9934538403965929,0.0015353467306132211
baseline,4,persistence,Ne,k4_5,20,25,0.9668295101982696,0.05496256023455825
baseline,4,persistence,Pe,k4_5,20,25,0.9680004048157829,0.06687761687570035
baseline,4,persistence,Pi,k4_5,20,25,0.9702203582686064,0.0571115041440867
baseline,4,persistence,phi,k4_5,20,25,0.9609953897561093,0.050416059914410255
baseline,4,persistence,Vi,k4_5,20,25,0.9738971124153264,0.005938074191164046
baseline,4,persistence,Ne,k6_7,30,35,1.0032527700369653,0.0012282601679260007
baseline,4,persistence,Pe,k6_7,30,35,1.003870561051753,0.0042987551534570565
baseline,4,persistence,Pi,k6_7,30,35,1.0054599283351258,0.002992338751632204
baseline,4,persistence,phi,k6_7,30,35,1.001581986491903,0.0016176230857327932
baseline,4,persistence,Vi,k6_7,30,35,0.9974680195169909,0.0002659085253322345
1701,4,autoregressive_lead1,Ne,k1_3,5,15,0.8231303330263954,0.2544680362664306
1701,4,autoregressive_lead1,Pe,k1_3,5,15,0.7647806925151801,0.22122166871859178
1701,4,autoregressive_lead1,Pi,k1_3,5,15,0.6482005005619708,0.22278499940036395
1701,4,autoregressive_lead1,phi,k1_3,5,15,0.6382743125977306,0.29788469543918483
1701,4,autoregressive_lead1,Vi,k1_3,5,15,0.36617804330383324,0.18092091849226913
1701,4,autoregressive_lead1,Ne,k4_5,20,25,1.7131702831368802,0.3962939010752274
1701,4,autoregressive_lead1,Pe,k4_5,20,25,1.324323109269331,0.41388499633324466
1701,4,autoregressive_lead1,Pi,k4_5,20,25,1.4113020214543253,0.3979438883630428
1701,4,autoregressive_lead1,phi,k4_5,20,25,1.5045447434683876,0.397011743385547
1701,4,autoregressive_lead1,Vi,k4_5,20,25,0.5184517331958028,0.07474040341458457
1701,4,autoregressive_lead1,Ne,k6_7,30,35,0.5950271567032902,0.003250328734092451
1701,4,autoregressive_lead1,Pe,k6_7,30,35,0.39184733821563017,0.007414014990158161
1701,4,autoregressive_lead1,Pi,k6_7,30,35,0.3642254407521934,0.00635078752102486
1701,4,autoregressive_lead1,phi,k6_7,30,35,0.47107578562875896,0.002126652257596512
1701,4,autoregressive_lead1,Vi,k6_7,30,35,0.2733020248094679,3.108875528993495e-05
1702,4,autoregressive_lead1,Ne,k1_3,5,15,0.5788708095348909,0.27181086862203097
1702,4,autoregressive_lead1,Pe,k1_3,5,15,0.5926461397774231,0.21814118156616485
1702,4,autoregressive_lead1,Pi,k1_3,5,15,0.4862953676886258,0.22458077089776252
1702,4,autoregressive_lead1,phi,k1_3,5,15,0.5239422814885994,0.2755384010731566
1702,4,autoregressive_lead1,Vi,k1_3,5,15,0.36299951399532787,0.18263456876275158
1702,4,autoregressive_lead1,Ne,k4_5,20,25,1.1044695807223972,0.4303385909342396
1702,4,autoregressive_lead1,Pe,k4_5,20,25,0.9469904499601001,0.45199690046045615
1702,4,autoregressive_lead1,Pi,k4_5,20,25,0.9945546892748075,0.4374323926737762
1702,4,autoregressive_lead1,phi,k4_5,20,25,1.0358606844707459,0.4288514326462467
1702,4,autoregressive_lead1,Vi,k4_5,20,25,0.4049325105837753,0.07464660247736998
1702,4,autoregressive_lead1,Ne,k6_7,30,35,0.4004812211243523,0.00639137321559653
1702,4,autoregressive_lead1,Pe,k6_7,30,35,0.2853332431287772,0.01007638674738114
1702,4,autoregressive_lead1,Pi,k6_7,30,35,0.2594406659167181,0.010070874263771873
1702,4,autoregressive_lead1,phi,k6_7,30,35,0.32374829018016876,0.004463473288752894
1702,4,autoregressive_lead1,Vi,k6_7,30,35,0.20825249115876457,8.047317112336929e-05
1703,4,autoregressive_lead1,Ne,k1_3,5,15,0.8582827307328973,0.2464761099548838
1703,4,autoregressive_lead1,Pe,k1_3,5,15,0.781589582533412,0.21061102612868837
1703,4,autoregressive_lead1,Pi,k1_3,5,15,0.6477526877354325,0.21451861895385846
1703,4,autoregressive_lead1,phi,k1_3,5,15,0.6002875648659322,0.2779330919103327
1703,4,autoregressive_lead1,Vi,k1_3,5,15,0.3739175278558357,0.1736640004459734
1703,4,autoregressive_lead1,Ne,k4_5,20,25,1.2920227976678127,0.4542554389447336
1703,4,autoregressive_lead1,Pe,k4_5,20,25,1.0626553897028774,0.47313642535773903
1703,4,autoregressive_lead1,Pi,k4_5,20,25,1.1316632336835069,0.4583662287804938
1703,4,autoregressive_lead1,phi,k4_5,20,25,1.175912075583256,0.4590577056958679
1703,4,autoregressive_lead1,Vi,k4_5,20,25,0.409584661730612,0.09724339984980317
1703,4,autoregressive_lead1,Ne,k6_7,30,35,0.6064099529702052,0.005855578564876595
1703,4,autoregressive_lead1,Pe,k6_7,30,35,0.44897820151460066,0.008438138701262483
1703,4,autoregressive_lead1,Pi,k6_7,30,35,0.4078443276402629,0.007477615463392273
1703,4,autoregressive_lead1,phi,k6_7,30,35,0.4226925993142311,0.0026189361412689584
1703,4,autoregressive_lead1,Vi,k6_7,30,35,0.18815850871992915,3.205886079283973e-05
1701,4,autoregressive_lead2,Ne,k1_3,5,15,0.2765874571786958,0.14734689305070242
1701,4,autoregressive_lead2,Pe,k1_3,5,15,0.2648495621931501,0.07800299768854267
1701,4,autoregressive_lead2,Pi,k1_3,5,15,0.23511883647040538,0.07810722084756908
1701,4,autoregressive_lead2,phi,k1_3,5,15,0.33447755111134636,0.16074067470909542
1701,4,autoregressive_lead2,Vi,k1_3,5,15,0.23345971869788132,0.14246115180078633
1701,4,autoregressive_lead2,Ne,k4_5,20,25,0.7386109666564044,0.34005138347587116
1701,4,autoregressive_lead2,Pe,k4_5,20,25,0.645348920421811,0.3584314881152749
1701,4,autoregressive_lead2,Pi,k4_5,20,25,0.7048558326367899,0.3518913800060658
1701,4,autoregressive_lead2,phi,k4_5,20,25,0.7414494964906667,0.3302698824713086
1701,4,autoregressive_lead2,Vi,k4_5,20,25,0.3080570066512464,0.03949558318671755
1701,4,autoregressive_lead2,Ne,k6_7,30,35,0.20924335174789924,0.0012118696629311216
1701,4,autoregressive_lead2,Pe,k6_7,30,35,0.1776341570035108,0.002348724149410484
1701,4,autoregressive_lead2,Pi,k6_7,30,35,0.17212728341358963,0.0020751287217817987
1701,4,autoregressive_lead2,phi,k6_7,30,35,0.26696733900674097,0.00045071037051903104
1701,4,autoregressive_lead2,Vi,k6_7,30,35,0.1875306369753004,5.6762047887818016e-05
1702,4,autoregressive_lead2,Ne,k1_3,5,15,0.24648730269029745,0.13603657347665318
1702,4,autoregressive_lead2,Pe,k1_3,5,15,0.2550622386134924,0.07494513741816976
1702,4,autoregressive_lead2,Pi,k1_3,5,15,0.21172725419595426,0.07249572768502714
1702,4,autoregressive_lead2,phi,k1_3,5,15,0.324627432078171,0.16803106133786808
1702,4,autoregressive_lead2,Vi,k1_3,5,15,0.19674031577496787,0.1411087264520766
1702,4,autoregressive_lead2,Ne,k4_5,20,25,0.6951778589790206,0.33027318286421375
1702,4,autoregressive_lead2,Pe,k4_5,20,25,0.6293618683234424,0.3547194058820133
1702,4,autoregressive_lead2,Pi,k4_5,20,25,0.6648612639509154,0.3451575217906921
1702,4,autoregressive_lead2,phi,k4_5,20,25,0.7208781415977367,0.32925766245071536
1702,4,autoregressive_lead2,Vi,k4_5,20,25,0.22232941036486645,0.028036170031448784
1702,4,autoregressive_lead2,Ne,k6_7,30,35,0.2083535341496479,0.0015495433052110702
1702,4,autoregressive_lead2,Pe,k6_7,30,35,0.18488992506305355,0.002115442166582119
1702,4,autoregressive_lead2,Pi,k6_7,30,35,0.16854494577290205,0.0013693167574016932
1702,4,autoregressive_lead2,phi,k6_7,30,35,0.2630474765170358,0.00039675165565914214
1702,4,autoregressive_lead2,Vi,k6_7,30,35,0.15949244890207986,6.708459930386272e-05
1703,4,autoregressive_lead2,Ne,k1_3,5,15,0.2980700945127592,0.13587955147156008
1703,4,autoregressive_lead2,Pe,k1_3,5,15,0.292370238810332,0.07132835222531017
1703,4,autoregressive_lead2,Pi,k1_3,5,15,0.24282775206694504,0.07037884206859774
1703,4,autoregressive_lead2,phi,k1_3,5,15,0.3285902840369068,0.17039494538967773
1703,4,autoregressive_lead2,Vi,k1_3,5,15,0.21644628878417838,0.12955437867132313
1703,4,autoregressive_lead2,Ne,k4_5,20,25,0.9763530049015996,0.350172455875526
1703,4,autoregressive_lead2,Pe,k4_5,20,25,0.9120988038425583,0.3729588917918759
1703,4,autoregressive_lead2,Pi,k4_5,20,25,0.9472493650621756,0.36604578875632643
1703,4,autoregressive_lead2,phi,k4_5,20,25,1.0527736145220448,0.364112164914177
1703,4,autoregressive_lead2,Vi,k4_5,20,25,0.316047906876039,0.042478203511596015
1703,4,autoregressive_lead2,Ne,k6_7,30,35,0.25951035831367897,0.0033145754397359874
1703,4,autoregressive_lead2,Pe,k6_7,30,35,0.20935782239016773,0.0033291947525622826
1703,4,autoregressive_lead2,Pi,k6_7,30,35,0.20014832478038527,0.0034507584816171125
1703,4,autoregressive_lead2,phi,k6_7,30,35,0.2861160213309958,0.0012690409588407676
1703,4,autoregressive_lead2,Vi,k6_7,30,35,0.177936865605933,3.356592745177979e-05
1701,4,direct,Ne,k1_3,5,15,0.22257067324565344,0.0708656479313954
1701,4,direct,Pe,k1_3,5,15,0.24111920874513468,0.03009301717939927
1701,4,direct,Pi,k1_3,5,15,0.206021610429595,0.03502966546784229
1701,4,direct,phi,k1_3,5,15,0.26082717686169343,0.03750294935050837
1701,4,direct,Vi,k1_3,5,15,0.1862691462161752,0.01185144613399275
1701,4,direct,Ne,k4_5,20,25,0.2592371387584387,0.15244066456490601
1701,4,direct,Pe,k4_5,20,25,0.23093623985583367,0.17517886543915095
1701,4,direct,Pi,k4_5,20,25,0.23108638880613933,0.16451927134925542
1701,4,direct,phi,k4_5,20,25,0.2745271657543925,0.13283339830345472
1701,4,direct,Vi,k4_5,20,25,0.2054158590351226,0.008193862350874737
1701,4,direct,Ne,k6_7,30,35,0.1819789179212569,0.0021963754964902183
1701,4,direct,Pe,k6_7,30,35,0.17814368585232787,0.0022723216622518804
1701,4,direct,Pi,k6_7,30,35,0.1723616818066179,0.0017538790808987244
1701,4,direct,phi,k6_7,30,35,0.2952737517633512,0.000981348939582569
1701,4,direct,Vi,k6_7,30,35,0.21263319126109392,1.5154734562104168e-05
1702,4,direct,Ne,k1_3,5,15,0.21121981309348342,0.053089574657400274
1702,4,direct,Pe,k1_3,5,15,0.22024574698637642,0.025641123009105968
1702,4,direct,Pi,k1_3,5,15,0.18061005756098641,0.030324056097487544
1702,4,direct,phi,k1_3,5,15,0.2521149415902429,0.03446739927406732
1702,4,direct,Vi,k1_3,5,15,0.16022626305022686,0.025516191976137883
1702,4,direct,Ne,k4_5,20,25,0.25696517771370436,0.14890092561681564
1702,4,direct,Pe,k4_5,20,25,0.2325971124758108,0.16959465942119156
1702,4,direct,Pi,k4_5,20,25,0.21880668620485563,0.16408524138297703
1702,4,direct,phi,k4_5,20,25,0.2782104891509594,0.130531032463739
1702,4,direct,Vi,k4_5,20,25,0.20135203889361486,0.006062069368877207
1702,4,direct,Ne,k6_7,30,35,0.18522033162002186,0.0015820686624080304
1702,4,direct,Pe,k6_7,30,35,0.16794760181837956,0.0007510956520731882
1702,4,direct,Pi,k6_7,30,35,0.15359634395191862,0.0009964439318071562
1702,4,direct,phi,k6_7,30,35,0.297561925495614,0.000803367553542029
1702,4,direct,Vi,k6_7,30,35,0.19907209323742842,7.956076912291154e-05
1703,4,direct,Ne,k1_3,5,15,0.25573707440573884,0.07138912378289362
1703,4,direct,Pe,k1_3,5,15,0.24633231689806712,0.03149509226336603
1703,4,direct,Pi,k1_3,5,15,0.20654427550109963,0.03633559903864183
1703,4,direct,phi,k1_3,5,15,0.27023281026017,0.04867202567854341
1703,4,direct,Vi,k1_3,5,15,0.1692458316570504,0.01853917936930911
1703,4,direct,Ne,k4_5,20,25,0.26323391346666725,0.14094798600897332
1703,4,direct,Pe,k4_5,20,25,0.25490726291950316,0.17230562469405786
1703,4,direct,Pi,k4_5,20,25,0.24176058214705703,0.1615181839887495
1703,4,direct,phi,k4_5,20,25,0.2878279918056906,0.13969035447286826
1703,4,direct,Vi,k4_5,20,25,0.19644543855790014,0.0071729984184992985
1703,4,direct,Ne,k6_7,30,35,0.19653559886438624,0.0008682835415062264
1703,4,direct,Pe,k6_7,30,35,0.17575270172658186,0.0025161891201223997
1703,4,direct,Pi,k6_7,30,35,0.1638260228845463,0.0023695270821993014
1703,4,direct,phi,k6_7,30,35,0.2869583652367585,0.0009976055532993214
1703,4,direct,Vi,k6_7,30,35,0.19950696620081987,2.2495139343899765e-05
baseline,8,persistence,Ne,k1_3,5,15,1.0110844252633804,0.011706893327804061
baseline,8,persistence,Pe,k1_3,5,15,0.9957797150241826,0.010053050988963558
baseline,8,persistence,Pi,k1_3,5,15,1.0028584473786877,0.010623521456369628
baseline,8,persistence,phi,k1_3,5,15,0.9801044638816715,0.04517082572066619
baseline,8,persistence,Vi,k1_3,5,15,1.000297977344702,0.005352427456613968
baseline,8,persistence,Ne,k4_5,20,25,0.9562840277519685,0.01041838630727895
baseline,8,persistence,Pe,k4_5,20,25,0.9518700083089371,0.015113013441212794
baseline,8,persistence,Pi,k4_5,20,25,0.9565091001629238,0.011414515230720212
baseline,8,persistence,phi,k4_5,20,25,0.9481874610506895,0.010729407540634398
baseline,8,persistence,Vi,k4_5,20,25,0.9699098476638198,0.0015967506042501957
baseline,8,persistence,Ne,k6_7,30,35,1.0035803030013664,0.001151827433556576
baseline,8,persistence,Pe,k6_7,30,35,0.9980743267816511,0.001044084904567168
baseline,8,persistence,Pi,k6_7,30,35,0.9994675200596161,0.0006836662831046224
baseline,8,persistence,phi,k6_7,30,35,0.9990033156625828,0.0008438753879455661
baseline,8,persistence,Vi,k6_7,30,35,1.009774956279188,0.0002665765035955323
1701,8,autoregressive_lead1,Ne,k1_3,5,15,0.771229832537099,0.03541958557348636
1701,8,autoregressive_lead1,Pe,k1_3,5,15,0.7249501469476844,0.030376308235880806
1701,8,autoregressive_lead1,Pi,k1_3,5,15,0.6230138769188726,0.036184993897706144
1701,8,autoregressive_lead1,phi,k1_3,5,15,0.5469317825886664,0.07794390901516728
1701,8,autoregressive_lead1,Vi,k1_3,5,15,0.2609152873140914,0.03741434988116606
1701,8,autoregressive_lead1,Ne,k4_5,20,25,1.9880700577631705,0.016157343623922675
1701,8,autoregressive_lead1,Pe,k4_5,20,25,1.4367795429564314,0.018497726457539908
1701,8,autoregressive_lead1,Pi,k4_5,20,25,1.5503886492349548,0.015788259343885818
1701,8,autoregressive_lead1,phi,k4_5,20,25,1.665151560186695,0.015174586312625644
1701,8,autoregressive_lead1,Vi,k4_5,20,25,1.5883079940299707,0.0011939961090892952
1701,8,autoregressive_lead1,Ne,k6_7,30,35,0.9214339230164054,0.0007202677290368136
1701,8,autoregressive_lead1,Pe,k6_7,30,35,0.3846276572654346,0.001411661336034038
1701,8,autoregressive_lead1,Pi,k6_7,30,35,0.36157618091346955,0.0011890599638990115
1701,8,autoregressive_lead1,phi,k6_7,30,35,0.531541113814682,0.0004482806268692048
1701,8,autoregressive_lead1,Vi,k6_7,30,35,3.724440602380743,8.387943677725373e-06
1702,8,autoregressive_lead1,Ne,k1_3,5,15,0.5205351545852553,0.0412776157691197
1702,8,autoregressive_lead1,Pe,k1_3,5,15,0.5840897099663648,0.03240260770110436
1702,8,autoregressive_lead1,Pi,k1_3,5,15,0.4745630551909496,0.037960160288258424
1702,8,autoregressive_lead1,phi,k1_3,5,15,0.4702892827959331,0.06136738354243021
1702,8,autoregressive_lead1,Vi,k1_3,5,15,0.2672926650116296,0.03584435326110372
1702,8,autoregressive_lead1,Ne,k4_5,20,25,1.3898687668117757,0.03737404890659911
1702,8,autoregressive_lead1,Pe,k4_5,20,25,1.114344189519169,0.038434103565249414
1702,8,autoregressive_lead1,Pi,k4_5,20,25,1.1941790525944058,0.03643890896471301
1702,8,autoregressive_lead1,phi,k4_5,20,25,1.3524699184644644,0.033465083513237424
1702,8,autoregressive_lead1,Vi,k4_5,20,25,1.5940205830993306,0.0013407766709825318
1702,8,autoregressive_lead1,Ne,k6_7,30,35,0.5833073390536281,0.001097076781843186
1702,8,autoregressive_lead1,Pe,k6_7,30,35,0.31382149156606876,0.002301647775703499
1702,8,autoregressive_lead1,Pi,k6_7,30,35,0.26650388621272264,0.002394712419070212
1702,8,autoregressive_lead1,phi,k6_7,30,35,0.4076668016418801,0.0006993070090149468
1702,8,autoregressive_lead1,Vi,k6_7,30,35,1.2540309970277406,4.4714649494447585e-06
1703,8,autoregressive_lead1,Ne,k1_3,5,15,0.9025434359754548,0.05456421696969649
1703,8,autoregressive_lead1,Pe,k1_3,5,15,0.8329948007056985,0.04166481480587646
1703,8,autoregressive_lead1,Pi,k1_3,5,15,0.724115169823209,0.05102766582631979
1703,8,autoregressive_lead1,phi,k1_3,5,15,0.5969819180475197,0.07084326029730961
1703,8,autoregressive_lead1,Vi,k1_3,5,15,0.2852138555888748,0.041210066334248854
1703,8,autoregressive_lead1,Ne,k4_5,20,25,1.5338388102878835,0.033826810625527955
1703,8,autoregressive_lead1,Pe,k4_5,20,25,1.2278345345737118,0.03333955847416156
1703,8,autoregressive_lead1,Pi,k4_5,20,25,1.3270573947573419,0.03322820873654873
1703,8,autoregressive_lead1,phi,k4_5,20,25,1.3764578986334635,0.03510821482412874
1703,8,autoregressive_lead1,Vi,k4_5,20,25,0.8748305936494177,0.00397533024357743
1703,8,autoregressive_lead1,Ne,k6_7,30,35,0.8794040349326239,0.0005549350566942993
1703,8,autoregressive_lead1,Pe,k6_7,30,35,0.4977212233234105,0.0012014256891557107
1703,8,autoregressive_lead1,Pi,k6_7,30,35,0.42762390682037504,0.0009356049872675919
1703,8,autoregressive_lead1,phi,k6_7,30,35,0.4980189709365827,0.00030121237150349206
1703,8,autoregressive_lead1,Vi,k6_7,30,35,0.521423771001461,3.098910275145844e-06
1701,8,autoregressive_lead2,Ne,k1_3,5,15,0.1888114062527081,0.006305491369333914
1701,8,autoregressive_lead2,Pe,k1_3,5,15,0.21466989410923087,0.003347053959786608
1701,8,autoregressive_lead2,Pi,k1_3,5,15,0.1851072575257261,0.005753501750976886
1701,8,autoregressive_lead2,phi,k1_3,5,15,0.2006610098629187,0.029070466481779182
1701,8,autoregressive_lead2,Vi,k1_3,5,15,0.08922245334312554,0.0363703470487311
1701,8,autoregressive_lead2,Ne,k4_5,20,25,1.0292255814199223,0.024802099612591527
1701,8,autoregressive_lead2,Pe,k4_5,20,25,0.8760204418833161,0.026372837884361577
1701,8,autoregressive_lead2,Pi,k4_5,20,25,0.9690191094456959,0.027352362202209626
1701,8,autoregressive_lead2,phi,k4_5,20,25,1.0579703429228318,0.02185663618552936
1701,8,autoregressive_lead2,Vi,k4_5,20,25,0.49050493596317835,0.001980882152540611
1701,8,autoregressive_lead2,Ne,k6_7,30,35,0.26561485303697413,0.00037010596582278505
1701,8,autoregressive_lead2,Pe,k6_7,30,35,0.21686524151667036,0.00012769019591320996
1701,8,autoregressive_lead2,Pi,k6_7,30,35,0.20660414038416788,0.00014368301687490984
1701,8,autoregressive_lead2,phi,k6_7,30,35,0.28473474758790523,0.00012002842080919264
1701,8,autoregressive_lead2,Vi,k6_7,30,35,0.4609517397428531,4.988481443632112e-05
1702,8,autoregressive_lead2,Ne,k1_3,5,15,0.1829852106091546,0.0026616660409857244
1702,8,autoregressive_lead2,Pe,k1_3,5,15,0.20604440843756064,0.0026803115153127247
1702,8,autoregressive_lead2,Pi,k1_3,5,15,0.16794109912401345,0.004204081764159467
1702,8,autoregressive_lead2,phi,k1_3,5,15,0.21598455848039924,0.03331930484883921
1702,8,autoregressive_lead2,Vi,k1_3,5,15,0.08087920426408372,0.02745629740883768
1702,8,autoregressive_lead2,Ne,k4_5,20,25,1.0132292639482336,0.024995215425897208
1702,8,autoregressive_lead2,Pe,k4_5,20,25,0.8143277408107353,0.028115740314199333
1702,8,autoregressive_lead2,Pi,k4_5,20,25,0.8919039737601131,0.025824776562649806
1702,8,autoregressive_lead2,phi,k4_5,20,25,0.9703583044775655,0.0226332104346887
1702,8,autoregressive_lead2,Vi,k4_5,20,25,0.31784774975477725,0.0006026047437191835
1702,8,autoregressive_lead2,Ne,k6_7,30,35,0.28069019523734134,0.000612362134186071
1702,8,autoregressive_lead2,Pe,k6_7,30,35,0.2651695807315891,0.0007861895805044304
1702,8,autoregressive_lead2,Pi,k6_7,30,35,0.2336035490964762,0.0006987846607853131
1702,8,autoregressive_lead2,phi,k6_7,30,35,0.31368186613721716,0.0005258263397215817
1702,8,autoregressive_lead2,Vi,k6_7,30,35,0.2013921953009497,3.6127259587994026e-05
1703,8,autoregressive_lead2,Ne,k1_3,5,15,0.25441988382973185,0.005902648750880353
1703,8,autoregressive_lead2,Pe,k1_3,5,15,0.3028575166347286,0.00276783952696821
1703,8,autoregressive_lead2,Pi,k1_3,5,15,0.2398291078062338,0.004406003352026086
1703,8,autoregressive_lead2,phi,k1_3,5,15,0.23550400484973166,0.03857188164855078
1703,8,autoregressive_lead2,Vi,k1_3,5,15,0.10082691131056211,0.025862198243665587
1703,8,autoregressive_lead2,Ne,k4_5,20,25,1.4793144604937059,0.01697765501276134
1703,8,autoregressive_lead2,Pe,k4_5,20,25,1.3191746928055785,0.020323086942618737
1703,8,autoregressive_lead2,Pi,k4_5,20,25,1.3834344661444975,0.019433293438475472
1703,8,autoregressive_lead2,phi,k4_5,20,25,1.584862427415947,0.020875820689500973
1703,8,autoregressive_lead2,Vi,k4_5,20,25,0.5931606220821359,0.0009923836274064184
1703,8,autoregressive_lead2,Ne,k6_7,30,35,0.4425678044976764,0.00030065868483354895
1703,8,autoregressive_lead2,Pe,k6_7,30,35,0.3614301120191831,0.0005959913048400461
1703,8,autoregressive_lead2,Pi,k6_7,30,35,0.3357775449306511,0.0005705648436546815
1703,8,autoregressive_lead2,phi,k6_7,30,35,0.43641056339422696,0.0005656264367477117
1703,8,autoregressive_lead2,Vi,k6_7,30,35,0.46405427213776757,3.268043031534834e-05
1701,8,autoregressive_lead4,Ne,k1_3,5,15,0.11327602461797608,0.001931540381910894
1701,8,autoregressive_lead4,Pe,k1_3,5,15,0.11347899434470714,0.003816500298226992
1701,8,autoregressive_lead4,Pi,k1_3,5,15,0.09725176731072675,0.0027195193020765323
1701,8,autoregressive_lead4,phi,k1_3,5,15,0.14603338194079338,0.01208195007669897
1701,8,autoregressive_lead4,Vi,k1_3,5,15,0.07316984254375337,0.0007016099736125152
1701,8,autoregressive_lead4,Ne,k4_5,20,25,0.1421432323390691,0.0160237444952732
1701,8,autoregressive_lead4,Pe,k4_5,20,25,0.09636111074856904,0.010665269471545504
1701,8,autoregressive_lead4,Pi,k4_5,20,25,0.10404416603592101,0.01721692461755407
1701,8,autoregressive_lead4,phi,k4_5,20,25,0.1406589641964964,0.007599332361153825
1701,8,autoregressive_lead4,Vi,k4_5,20,25,0.126074299990466,0.0005188029858979023
1701,8,autoregressive_lead4,Ne,k6_7,30,35,0.11642813918945201,0.0005689354393731681
1701,8,autoregressive_lead4,Pe,k6_7,30,35,0.08305410976173888,0.00020017350465002207
1701,8,autoregressive_lead4,Pi,k6_7,30,35,0.0848793458198307,0.0002066728760188431
1701,8,autoregressive_lead4,phi,k6_7,30,35,0.1670931223405795,0.0004760295016033791
1701,8,autoregressive_lead4,Vi,k6_7,30,35,0.12886928498046887,5.5752281245661835e-05
1702,8,autoregressive_lead4,Ne,k1_3,5,15,0.1139522996023516,0.000461391550276258
1702,8,autoregressive_lead4,Pe,k1_3,5,15,0.11669335960867282,0.0042278212080379025
1702,8,autoregressive_lead4,Pi,k1_3,5,15,0.08555779160067321,0.004452557551731217
1702,8,autoregressive_lead4,phi,k1_3,5,15,0.1478684921237184,0.012311860713156299
1702,8,autoregressive_lead4,Vi,k1_3,5,15,0.06257492681660827,0.001420402655373355
1702,8,autoregressive_lead4,Ne,k4_5,20,25,0.10568852962958976,0.005933116344802818
1702,8,autoregressive_lead4,Pe,k4_5,20,25,0.08003745191461355,0.0031400007983618124
1702,8,autoregressive_lead4,Pi,k4_5,20,25,0.0716317901588535,0.007310963163782728
1702,8,autoregressive_lead4,phi,k4_5,20,25,0.11711949959129989,0.002353001129557418
1702,8,autoregressive_lead4,Vi,k4_5,20,25,0.12018529321733026,7.20175583594366e-05
1702,8,autoregressive_lead4,Ne,k6_7,30,35,0.12730588368169193,0.00041395939649196566
1702,8,autoregressive_lead4,Pe,k6_7,30,35,0.0909540411602207,0.00010010263097315714
1702,8,autoregressive_lead4,Pi,k6_7,30,35,0.07609432006995968,0.00018588249885955363
1702,8,autoregressive_lead4,phi,k6_7,30,35,0.15362232661640474,0.0004058915246628865
1702,8,autoregressive_lead4,Vi,k6_7,30,35,0.11937352154454847,7.597705390187395e-05
1703,8,autoregressive_lead4,Ne,k1_3,5,15,0.12255940712376465,0.0018762805309787242
1703,8,autoregressive_lead4,Pe,k1_3,5,15,0.12409949790617938,0.0015356659594230227
1703,8,autoregressive_lead4,Pi,k1_3,5,15,0.10288012592225289,0.002637411134733164
1703,8,autoregressive_lead4,phi,k1_3,5,15,0.1457446990880476,0.014706067066286226
1703,8,autoregressive_lead4,Vi,k1_3,5,15,0.06580687543643983,0.0011157810877935907
1703,8,autoregressive_lead4,Ne,k4_5,20,25,0.15627375285720507,0.005706702508709156
1703,8,autoregressive_lead4,Pe,k4_5,20,25,0.10927835971247633,0.007484095006138978
1703,8,autoregressive_lead4,Pi,k4_5,20,25,0.12155318407065178,0.010092943306621933
1703,8,autoregressive_lead4,phi,k4_5,20,25,0.1428406834612062,0.00606951200569865
1703,8,autoregressive_lead4,Vi,k4_5,20,25,0.11939092016212549,0.0004911128911970517
1703,8,autoregressive_lead4,Ne,k6_7,30,35,0.13790371562807927,2.579931162101026e-05
1703,8,autoregressive_lead4,Pe,k6_7,30,35,0.08659560664841275,0.000284476034269376
1703,8,autoregressive_lead4,Pi,k6_7,30,35,0.08317730535329161,0.00013146377714578667
1703,8,autoregressive_lead4,phi,k6_7,30,35,0.14746620284653453,0.00033890463249989757
1703,8,autoregressive_lead4,Vi,k6_7,30,35,0.11238710475232817,1.9328949149868624e-05
1701,8,direct,Ne,k1_3,5,15,0.1848305208098818,0.0008279654705210411
1701,8,direct,Pe,k1_3,5,15,0.19928252032184954,0.004192306488616532
1701,8,direct,Pi,k1_3,5,15,0.15445779958888062,0.0015233066879095658
1701,8,direct,phi,k1_3,5,15,0.26454646701695533,0.0261558397954776
1701,8,direct,Vi,k1_3,5,15,0.15116172267781153,0.0065391044600198985
1701,8,direct,Ne,k4_5,20,25,0.12197071074419487,0.005839770450786427
1701,8,direct,Pe,k4_5,20,25,0.08694109893951525,0.004338907215662517
1701,8,direct,Pi,k4_5,20,25,0.08318778011530732,0.004650561988838568
1701,8,direct,phi,k4_5,20,25,0.13799537382600904,0.0028345649084145644
1701,8,direct,Vi,k4_5,20,25,0.2278213449734798,0.00025531834449602517
1701,8,direct,Ne,k6_7,30,35,0.16798436130128228,0.00044902604274578856
1701,8,direct,Pe,k6_7,30,35,0.14624639350130622,0.0007665634390814998
1701,8,direct,Pi,k6_7,30,35,0.13502437401728143,0.0005356347748190968
1701,8,direct,phi,k6_7,30,35,0.28074658477822,0.0007081019871212522
1701,8,direct,Vi,k6_7,30,35,0.23917670131249805,0.00014822545895204223
1702,8,direct,Ne,k1_3,5,15,0.19720680797746507,0.0022013998098398962
1702,8,direct,Pe,k1_3,5,15,0.17069309887224718,0.0029581383914080175
1702,8,direct,Pi,k1_3,5,15,0.13400284488053316,0.0004798684003275167
1702,8,direct,phi,k1_3,5,15,0.262784037315081,0.026892974095938677
1702,8,direct,Vi,k1_3,5,15,0.13063387300404056,0.0019035445016830504
1702,8,direct,Ne,k4_5,20,25,0.12309788692370956,0.0029145182377043792
1702,8,direct,Pe,k4_5,20,25,0.0793671821688323,0.007242328193986368
1702,8,direct,Pi,k4_5,20,25,0.06462803042495088,0.006330557015142367
1702,8,direct,phi,k4_5,20,25,0.13345994925344137,0.002221675085355624
1702,8,direct,Vi,k4_5,20,25,0.21504932261953696,0.00047352235778011016
1702,8,direct,Ne,k6_7,30,35,0.18477987460705472,0.0011216050485536358
1702,8,direct,Pe,k6_7,30,35,0.12626653337936916,0.00024804893341957005
1702,8,direct,Pi,k6_7,30,35,0.10774037699531734,0.0002879482129114406
1702,8,direct,phi,k6_7,30,35,0.25655543698368494,0.0003028149722352981
1702,8,direct,Vi,k6_7,30,35,0.21478908832278368,6.472665708991396e-05
1703,8,direct,Ne,k1_3,5,15,0.21239722505918915,0.002087536051640844
1703,8,direct,Pe,k1_3,5,15,0.18678198134103718,0.003570029811319364
1703,8,direct,Pi,k1_3,5,15,0.14969374744761088,0.0015665881014737607
1703,8,direct,phi,k1_3,5,15,0.2535328578314151,0.02359263035442017
1703,8,direct,Vi,k1_3,5,15,0.12313720091140688,0.004689784516253234
1703,8,direct,Ne,k4_5,20,25,0.1506945572880499,0.004865933710061346
1703,8,direct,Pe,k4_5,20,25,0.07722674293886739,0.00843850337330743
1703,8,direct,Pi,k4_5,20,25,0.06917884305357687,0.0088888278665746
1703,8,direct,phi,k4_5,20,25,0.1312502500453416,0.002359246126467047
1703,8,direct,Vi,k4_5,20,25,0.17152695674160823,0.00028766340782537754
1703,8,direct,Ne,k6_7,30,35,0.19005181702295545,0.0001892000681986913
1703,8,direct,Pe,k6_7,30,35,0.14329609171652885,0.000860298614885785
1703,8,direct,Pi,k6_7,30,35,0.12446141894541031,0.000599175934628415
1703,8,direct,phi,k6_7,30,35,0.2596215519011017,0.0006085275814288023
1703,8,direct,Vi,k6_7,30,35,0.19415217218308725,6.786977339392263e-05
